{
  "markdown": "# Login to MAVEN AI\n\nLogin to your account using your preferred method with [OAuth](https://oauth.net/2/)\n\nGoogle\n\nTwitter/X\n\nGitHub\n\nTikTok\n\nInstagram\n\nContinue accept terms and conditions\n\nBy clicking continue, you agree to our [Terms of Service](https://maven-ai-six.vercel.app/terms-of-service) and [Privacy Policy](https://maven-ai-six.vercel.app/privacy-policy).\n\n![Login background](https://maven-ai-six.vercel.app/_next/image?url=%2Flogin-pict.png&w=3840&q=75)",
  "metadata": {
    "favicon": "https://maven-ai-six.vercel.app/favicon.ico",
    "next-size-adjust": "",
    "viewport": "width=device-width, initial-scale=1",
    "language": "en",
    "scrapeId": "2165f3d1-1d66-4849-b9d3-76668f4c2dba",
    "sourceURL": "https://maven-ai-six.vercel.app/login",
    "url": "https://maven-ai-six.vercel.app/login",
    "statusCode": 200,
    "contentType": "text/html; charset=utf-8",
    "proxyUsed": "basic"
  },
  "warning": "This scrape job was throttled at your current concurrency limit. If you'd like to scrape faster, you can upgrade your plan."
}