{
  "markdown": "[MAVEN AI](https://maven-ai-six.vercel.app/)\n\nMenu\n\nClose\n\nTerms of Service\n\nPlease read these terms carefully before using Maven, an experimental AI-powered electronic product assistant.\n\n### 1\\. Introduction\n\n### 2\\. Description of Services\n\n### 3\\. User Responsibilities\n\n### 4\\. Intellectual Property\n\n### 5\\. Experimental Nature\n\n### 6\\. Liability & Warranty\n\n### 7\\. Changes & Termination\n\n### 8\\. Contact\n\n[View Privacy Policy](https://maven-ai-six.vercel.app/privacy-policy) [Go to Login](https://maven-ai-six.vercel.app/login)",
  "metadata": {
    "language": "en",
    "favicon": "https://maven-ai-six.vercel.app/favicon.ico",
    "next-size-adjust": "",
    "viewport": "width=device-width, initial-scale=1",
    "scrapeId": "b5ad8146-8899-42e8-b87b-6310790eb07c",
    "sourceURL": "https://maven-ai-six.vercel.app/terms-of-service",
    "url": "https://maven-ai-six.vercel.app/terms-of-service",
    "statusCode": 200,
    "contentType": "text/html; charset=utf-8",
    "proxyUsed": "basic"
  },
  "warning": "This scrape job was throttled at your current concurrency limit. If you'd like to scrape faster, you can upgrade your plan."
}