{
  "markdown": "[MAVEN AI](https://maven-ai-six.vercel.app/)\n\nMenu\n\nClose\n\n## Public Reviews  Note: This section are still under construction.\n\nShowing 1-3 of12 reviews\n\n![Sarah Johnson](https://api.dicebear.com/7.x/initials/svg?seed=Sarah%20Johnson)\n\nSarah Johnson\n\nAbsolutely love this product! It exceeded all my expectations and the quality is outstanding. Would definitely recommend to friends and family.\n\nover 1 year ago\n\n#1\n\n![Michael Chen](https://api.dicebear.com/7.x/initials/svg?seed=Michael%20Chen)\n\nMichael Chen\n\nGreat product overall. The only reason I'm not giving 5 stars is because shipping took a bit longer than expected. Otherwise, very satisfied with my purchase.\n\nover 1 year ago\n\n#2\n\n![Emily Rodriguez](https://api.dicebear.com/7.x/initials/svg?seed=Emily%20Rodriguez)\n\nEmily Rodriguez\n\nThis is exactly what I was looking for! Perfect size, great functionality, and the design is beautiful. Will definitely be purchasing again.\n\nover 1 year ago\n\n#3\n\n12...4",
  "metadata": {
    "next-size-adjust": "",
    "language": "en",
    "viewport": "width=device-width, initial-scale=1",
    "favicon": "https://maven-ai-six.vercel.app/favicon.ico",
    "scrapeId": "21b698eb-321b-4e8b-9c0d-a51f364d50b7",
    "sourceURL": "https://maven-ai-six.vercel.app/reviews",
    "url": "https://maven-ai-six.vercel.app/reviews",
    "statusCode": 200,
    "contentType": "text/html; charset=utf-8",
    "proxyUsed": "basic"
  },
  "warning": "This scrape job was throttled at your current concurrency limit. If you'd like to scrape faster, you can upgrade your plan."
}