{
  "markdown": "[MAVEN AI](https://maven-ai-six.vercel.app/)\n\nMenu\n\nClose\n\n# AIforSmarterElectronicProductChoices\n\nFrom research to recommendations, Maven helps youfind,compare, and understand products with ease.\n\n[Try Maven Now](https://maven-ai-six.vercel.app/register)\n\n[Learn More](https://maven-ai-six.vercel.app/cookbook)\n\n## How Maven Works:Your Journey to Informed Choices\n\nMaven's intelligent workflow makes product research simple and effective.\n\n### You Ask\n\nStart with a question or request about a product.\n\n### Maven Thinks\n\nMaven's intelligent orchestrator analyzes your input.\n\n### Smart Actions\n\nMaven selects the best tools to get you the answers you need.\n\n### Clear Results\n\nGet clear, concise, and insightful results, powered by AI.\n\n# App Snapshots\n\n![App Chat Homepage](https://maven-ai-six.vercel.app/_next/image?url=https%3A%2F%2Fres.cloudinary.com%2Fdberoyocy%2Fimage%2Fupload%2Fv1746757592%2Fdark-maven-empty-chat_m431xw.png&w=3840&q=75)\n\n![Agentic - Recommendator](https://maven-ai-six.vercel.app/_next/image?url=https%3A%2F%2Fres.cloudinary.com%2Fdberoyocy%2Fimage%2Fupload%2Fv1746757592%2Fdark-maven-recommendations_k8zqwi.png&w=3840&q=75)\n\n![Agentic - Search Product](https://maven-ai-six.vercel.app/_next/image?url=https%3A%2F%2Fres.cloudinary.com%2Fdberoyocy%2Fimage%2Fupload%2Fv1746757593%2Fdark-maven-search-results_btdul2.png&w=3840&q=75)\n\n![Agentic - Get Product Details](https://maven-ai-six.vercel.app/_next/image?url=https%3A%2F%2Fres.cloudinary.com%2Fdberoyocy%2Fimage%2Fupload%2Fv1746757592%2Fdark-maven-details-result_t9shmn.png&w=3840&q=75)\n\n![Agentic - Products Comparison](https://maven-ai-six.vercel.app/_next/image?url=https%3A%2F%2Fres.cloudinary.com%2Fdberoyocy%2Fimage%2Fupload%2Fv1747033967%2Fdark-maven-comparison_qvottq.png&w=3840&q=75)\n\n## AgenticTools\n\n![AI Product Picks](https://maven-ai-six.vercel.app/_next/image?url=%2Fshowcase%2Fshowcase-1.jpg&w=3840&q=75)\n\n#### AI Product Picks\n\nDiscover the perfect products for you. Maven's intelligent recommender analyzes your needs and preferences, providing personalized suggestions and insightful explanations, guiding you to the best choices quickly and confidently.\n\n![Find Products Fast](https://maven-ai-six.vercel.app/_next/image?url=%2Fshowcase%2Fshowcase-2.jpg&w=3840&q=75)\n\n#### Find Products Fast\n\nInstantly locate the products you're looking for. Maven's precise search engine swiftly retrieves relevant results from the web, even with partial names, presenting you with concise summaries and key details to streamline your research.\n\n![Deep Product Insights](https://maven-ai-six.vercel.app/_next/image?url=%2Fshowcase%2Fshowcase-3.jpg&w=3840&q=75)\n\n#### Deep Product Insights\n\nGo beyond the surface. Maven gathers comprehensive product information from multiple sources, including web scraping and external databases, delivering in-depth details, specifications, and insightful summaries to empower your decision-making.\n\n![Compare Side-by-Side](https://maven-ai-six.vercel.app/_next/image?url=%2Fshowcase%2Fshowcase-4.jpg&w=3840&q=75)\n\n#### Compare Side-by-Side\n\nMake informed choices with ease. Maven lets you directly compare multiple products, highlighting key differences and similarities, providing clear, concise comparisons and expert insights to help you choose the best option.\n\n![User Inquirer](https://maven-ai-six.vercel.app/_next/image?url=%2Fshowcase%2Fshowcase-5.jpg&w=3840&q=75)\n\n#### User Inquirer\n\nExperience a truly personalized interaction. When more information is needed, Maven proactively asks clarifying questions, ensuring it fully understands your requirements and delivers the most relevant and accurate results. This interactive approach ensures you get exactly what you're looking for.\n\n![External Data Search](https://maven-ai-six.vercel.app/_next/image?url=%2Fshowcase%2Fshowcase-6.jpg&w=3840&q=75)\n\n#### External Data Search\n\nA process of retrieving and analyzing information from sources outside a system's app, such as web content, social media platforms, forums, public records, or other third-party data repositories, to provide comprehensive and up-to-date insights.\n\n## Why Choose Maven?Make Smarter Decisions, Faster.\n\nMaven transforms how you research and choose products.\n\n![Product visualization](https://maven-ai-six.vercel.app/_next/image?url=%2Ftmp-foot.jpg&w=3840&q=75)\n\n- ### Save Time\n\n\n\nStop wasting hours researching. Maven delivers the information you need in seconds.\n\n- ### Make Informed Choices\n\n\n\nGet the full picture with comprehensive data, comparisons, and insights.\n\n- ### Personalized Experience\n\n\n\nMaven adapts to your needs and provides tailored recommendations.\n\n- ### AI-Powered Accuracy\n\n\n\nLeverage the power of AI for reliable and up-to-date information.\n\n\n## What Users Are Saying\n\nDiscover how Maven is transforming product research for users worldwide.\n\n★★★★★\n\n\"Maven saved me hours of research time when I was looking for a new laptop. The comparison feature is incredible!\"\n\nAlex Johnson\n\nTech Enthusiast\n\n★★★★★\n\n\"As someone who struggles with decision paralysis, Maven has been a game-changer. It helps me focus on what matters.\"\n\nSarah Chen\n\nProduct Manager\n\n★★★★★\n\n\"The personalized recommendations are spot on. Maven understood exactly what I was looking for in a camera.\"\n\nMichael Rodriguez\n\nPhotographer\n\n## Ready to Transform Your Product Research?\n\nJoin thousands of users who are making smarter product decisions with Maven.\n\n[Get Started](https://maven-ai-six.vercel.app/register)",
  "metadata": {
    "favicon": "https://maven-ai-six.vercel.app/favicon.ico",
    "keywords": "AI product assistant,electronic product research,product comparison AI,Maven AI,electronics,gadgets",
    "og:site_name": "Maven AI",
    "og:image:alt": "Maven AI Product Research Preview",
    "og:type": "website",
    "twitter:title": "Maven AI - AI-Powered Product Research",
    "ogLocale": "en_US",
    "title": "Maven AI - Your AI Assistant for Smart Electronic Product Choices",
    "ogSiteName": "Maven AI",
    "og:title": "Maven AI - AI-Powered Product Research",
    "twitter:description": "Discover how Maven AI can help you make smarter electronic product choices with ease.",
    "og:locale": "en_US",
    "og:description": "Discover how Maven AI can help you make smarter electronic product choices with ease.",
    "description": "Maven AI simplifies product research with AI-powered recommendations, comparisons, and insights for electronic products.",
    "viewport": "width=device-width, initial-scale=1",
    "twitter:image": "https://res.cloudinary.com/dberoyocy/image/upload/v1745408208/light-desktop-insight-2_we92om.png",
    "og:image:width": "1200",
    "language": "en",
    "twitter:card": "summary_large_image",
    "og:image": "https://res.cloudinary.com/dberoyocy/image/upload/v1745408208/light-desktop-insight-2_we92om.png",
    "og:url": "https://maven-ai-six.vercel.app/",
    "ogTitle": "Maven AI - AI-Powered Product Research",
    "ogDescription": "Discover how Maven AI can help you make smarter electronic product choices with ease.",
    "og:image:height": "630",
    "ogImage": "https://res.cloudinary.com/dberoyocy/image/upload/v1745408208/light-desktop-insight-2_we92om.png",
    "next-size-adjust": "",
    "twitter:creator": "@codebyrzky",
    "ogUrl": "https://maven-ai-six.vercel.app/",
    "author": "Rizky Agung Prasetyo",
    "scrapeId": "17393b77-8742-4875-b9b7-a50f35cf5bab",
    "sourceURL": "https://maven-ai-six.vercel.app/",
    "url": "https://maven-ai-six.vercel.app/",
    "statusCode": 200,
    "contentType": "text/html; charset=utf-8",
    "proxyUsed": "basic"
  }
}