{
  "markdown": "[MAVEN AI](https://maven-ai-six.vercel.app/)\n\nMenu\n\nClose\n\nPrivacy Policy\n\nEffective Date: Feb 2025\n\nThis Privacy Policy explains how Maven (\"App\") collects, uses, and protects your data. By using this App, you agree to the practices described below.\n\n### 1\\. Scope and Purpose\n\n### 2\\. Data We Collect\n\n### 3\\. How We Use Your Data\n\n### 4\\. Data Sharing and Disclosure\n\n### 5\\. Data Security\n\n### 6\\. Data Retention\n\n### 7\\. Your Rights\n\n### 8\\. Third-Party Links\n\n### 9\\. Changes to This Policy\n\n### 10\\. Contact Us\n\n[View Terms of Service](https://maven-ai-six.vercel.app/terms-of-service) [Go to Login](https://maven-ai-six.vercel.app/login)",
  "metadata": {
    "viewport": "width=device-width, initial-scale=1",
    "favicon": "https://maven-ai-six.vercel.app/favicon.ico",
    "language": "en",
    "next-size-adjust": "",
    "scrapeId": "51985dc1-ea42-489c-b40b-fcf9db05eda0",
    "sourceURL": "https://maven-ai-six.vercel.app/privacy-policy",
    "url": "https://maven-ai-six.vercel.app/privacy-policy",
    "statusCode": 200,
    "contentType": "text/html; charset=utf-8",
    "proxyUsed": "basic"
  },
  "warning": "This scrape job was throttled at your current concurrency limit. If you'd like to scrape faster, you can upgrade your plan."
}