{
  "markdown": "# Login to MAVEN AI\n\nLogin to your account using your preferred method with [OAuth](https://oauth.net/2/)\n\nGoogle\n\nTwitter/X\n\nGitHub\n\nTikTok\n\nInstagram\n\nContinue accept terms and conditions\n\nBy clicking continue, you agree to our [Terms of Service](https://maven-ai-six.vercel.app/terms-of-service) and [Privacy Policy](https://maven-ai-six.vercel.app/privacy-policy).\n\n![Login background](https://maven-ai-six.vercel.app/_next/image?url=%2Flogin-pict.png&w=3840&q=75)",
  "metadata": {
    "language": "en",
    "favicon": "https://maven-ai-six.vercel.app/favicon.ico",
    "next-size-adjust": "",
    "viewport": "width=device-width, initial-scale=1",
    "scrapeId": "7c88701f-58d9-450f-a1db-27ecd36a55a3",
    "sourceURL": "https://maven-ai-six.vercel.app/chat",
    "url": "https://maven-ai-six.vercel.app/login?callbackUrl=https%3A%2F%2Fmaven-ai-six.vercel.app%2Fchat",
    "statusCode": 200,
    "contentType": "text/html; charset=utf-8",
    "proxyUsed": "basic"
  },
  "warning": "This scrape job was throttled at your current concurrency limit. If you'd like to scrape faster, you can upgrade your plan."
}