{
  "markdown": "[MAVEN AI](https://maven-ai-six.vercel.app/)\n\nMenu\n\nClose\n\n## AI Product Picks\n\nDiscover the perfect products for you. Maven's intelligent recommender analyzes your needs and preferences, providing personalized suggestions and insightful explanations, guiding you to the best choices quickly and confidently.\n\n## Find Products Fast\n\nInstantly locate the products you're looking for. Maven's precise search engine swiftly retrieves relevant results from the web, even with partial names, presenting you with concise summaries and key details to streamline your research.\n\n## Deep Product Insights\n\nGo beyond the surface. Maven gathers comprehensive product information from multiple sources, including web scraping and external databases, delivering in-depth details, specifications, and insightful summaries to empower your decision-making.\n\n## Compare Side-by-Side\n\nMake informed choices with ease. Maven lets you directly compare multiple products, highlighting key differences and similarities, providing clear, concise comparisons and expert insights to help you choose the best option.\n\n## User Inquiry\n\nExperience a truly personalized interaction. When more information is needed, Maven proactively asks clarifying questions, ensuring it fully understands your requirements and delivers the most relevant and accurate results. This interactive approach ensures you get exactly what you're looking for.\n\nShare this page:\n\n[Share on Facebook](https://maven-ai-six.vercel.app/features#) [Share on Twitter](https://maven-ai-six.vercel.app/features#) [Share on LinkedIn](https://maven-ai-six.vercel.app/features#)",
  "metadata": {
    "og:site_name": "Maven AI",
    "keywords": "Maven AI features,AI product recommendations,product search AI,product comparison tools,electronic product assistant",
    "ogUrl": "https://maven-ai-six.vercel.app/features",
    "og:image:alt": "Maven AI Features Preview",
    "twitter:title": "Maven AI Features",
    "ogLocale": "en_US",
    "twitter:image": "https://res.cloudinary.com/dberoyocy/image/upload/v1745408125/dark-desktop-recommendations_ulacwj.png",
    "og:image:height": "630",
    "ogImage": "https://res.cloudinary.com/dberoyocy/image/upload/v1745408125/dark-desktop-recommendations_ulacwj.png",
    "ogTitle": "Maven AI Features",
    "next-size-adjust": "",
    "og:description": "Explore the AI-powered tools that make Maven AI your ultimate product research assistant.",
    "twitter:creator": "@codebyrzky",
    "twitter:description": "Explore the AI-powered tools that make Maven AI your ultimate product research assistant.",
    "ogDescription": "Explore the AI-powered tools that make Maven AI your ultimate product research assistant.",
    "og:image:width": "1200",
    "ogSiteName": "Maven AI",
    "title": "Maven AI Features - Explore Our AI-Powered Tools",
    "og:title": "Maven AI Features",
    "language": "en",
    "og:url": "https://maven-ai-six.vercel.app/features",
    "og:image": "https://res.cloudinary.com/dberoyocy/image/upload/v1745408125/dark-desktop-recommendations_ulacwj.png",
    "favicon": "https://maven-ai-six.vercel.app/favicon.ico",
    "viewport": "width=device-width, initial-scale=1",
    "og:type": "website",
    "twitter:card": "summary_large_image",
    "description": "Discover the powerful features of Maven AI, including personalized recommendations, fast product search, in-depth insights, side-by-side comparisons, and interactive user inquiries.",
    "og:locale": "en_US",
    "author": "Rizky Agung Prasetyo",
    "scrapeId": "d66adc41-7dcc-4997-aaad-19f60c48c2f5",
    "sourceURL": "https://maven-ai-six.vercel.app/features",
    "url": "https://maven-ai-six.vercel.app/features",
    "statusCode": 200,
    "contentType": "text/html; charset=utf-8",
    "proxyUsed": "basic"
  },
  "warning": "This scrape job was throttled at your current concurrency limit. If you'd like to scrape faster, you can upgrade your plan."
}