{
  "markdown": "[MAVEN AI](https://maven-ai-six.vercel.app/)\n\nMenu\n\nClose\n\n# Register to MavenAI\n\nA demonstration AI assistant showcasing product research with ease\n\nDemo Application\n\nImportant information about Maven AI\n\nMaven AI is a demonstration application built for a developer portfolio. It's designed to showcase AI capabilities but is not intended for production use yet.\n\n### Limited Conversations\n\nConversations are limited in length to provide a preview experience.\n\n### Daily Request Limit\n\nA daily cap on requests helps maintain service availability for all users.\n\n### Preview Experience\n\nExperience core AI features in a controlled environment.\n\n### Developer Showcase\n\nThis application demonstrates technical capabilities rather than offering a full service.\n\n## What to Expect\n\n- Access to all available Agentic tools\n- Ability to test and explore the system's capabilities\n- A glimpse into modern AI assistant technology\n- Reasonable usage limits to ensure fair access for all\n\n[Continue to Registration](https://maven-ai-six.vercel.app/login)[Learn More](https://maven-ai-six.vercel.app/cookbook)",
  "metadata": {
    "favicon": "https://maven-ai-six.vercel.app/favicon.ico",
    "viewport": "width=device-width, initial-scale=1",
    "language": "en",
    "next-size-adjust": "",
    "scrapeId": "226043f0-00e8-4e68-8e00-3cdb4af6d6b7",
    "sourceURL": "https://maven-ai-six.vercel.app/register",
    "url": "https://maven-ai-six.vercel.app/register",
    "statusCode": 200,
    "contentType": "text/html; charset=utf-8",
    "proxyUsed": "basic"
  }
}