{
  "markdown": "Close\n\n#### (Design/Production)\n\n- [Work,](https://justgowiththeflow.com/work)\n- [Services,](https://justgowiththeflow.com/services)\n- [About,](https://justgowiththeflow.com/about)\n\n[Start a project](https://justgowiththeflow.com/contact)\n\nMenu\n\n#### (Navigate)\n\n- [Home](https://justgowiththeflow.com/)\n- [Work](https://justgowiththeflow.com/work)\n- [Services](https://justgowiththeflow.com/services)\n- [About](https://justgowiththeflow.com/about)\n- [Start a project](https://justgowiththeflow.com/contact)\n\nClose\n\n# Digital storytelling with a blend of artistry and precision, ensuring every interaction leaves a lasting impression.\n\n#### Case studies\n\n#### (7)\n\n- [![](https://justgowiththeflow.com/media/pages/work/samsung/e9d30f31a8-1715705138/samsung_thumb_01-1920x1080-crop-q72.jpg)\\\\\n\\\\\n1\\\\\n\\\\\n**Samsung**\\\\\n\\\\\n- Direction](https://justgowiththeflow.com/work/samsung)\n- [![](https://justgowiththeflow.com/media/pages/work/world-surf-league/b56e2f64ff-1715705145/wsl_coverthumb_01-1920x1080-crop-q72.jpg)\\\\\n\\\\\n2\\\\\n\\\\\n**World Surf League**\\\\\n\\\\\n- Branding\\\\\n- Digital](https://justgowiththeflow.com/work/world-surf-league)\n- [![](https://justgowiththeflow.com/media/pages/work/ceo/c547ca879a-1715705153/ceo_thumb_01-1920x1080-crop-q72.jpg)\\\\\n\\\\\n3\\\\\n\\\\\n**CEO.com**\\\\\n\\\\\n- Digital](https://justgowiththeflow.com/work/ceo)\n- [![](https://justgowiththeflow.com/media/pages/work/pass-the-baton/db181e57a7-1715825284/ptb_thumb_01-1920x1080-crop-q72.jpg)\\\\\n\\\\\n4\\\\\n\\\\\n**Pass The Baton**\\\\\n\\\\\n- Digital\\\\\n- Branding](https://justgowiththeflow.com/work/pass-the-baton)\n- [![](https://justgowiththeflow.com/media/pages/work/opplio-app/8e22f37f4e-1715705169/opplio_thumb-1920x1080-crop-q72.jpg)\\\\\n\\\\\n5\\\\\n\\\\\n**Opplio App**\\\\\n\\\\\n- Digital\\\\\n- Branding](https://justgowiththeflow.com/work/opplio-app)\n- [![](https://justgowiththeflow.com/media/pages/work/lbb/8a1d9581ad-1715705176/lbb_thumb-1920x1080-crop-q72.jpg)\\\\\n\\\\\n6\\\\\n\\\\\n**Little Black Book**\\\\\n\\\\\n- Digital\\\\\n- Branding](https://justgowiththeflow.com/work/lbb)\n- [![](https://justgowiththeflow.com/media/pages/work/nf7/4137a39d25-1715705184/nf7_thumb_01-1920x1080-crop-q72.jpg)\\\\\n\\\\\n7\\\\\n\\\\\n**NF7**\\\\\n\\\\\n- Production](https://justgowiththeflow.com/work/nf7)\n\n## Ready to Rock?\n\n[Get in touch](https://justgowiththeflow.com/contact)\n\n## (Navigate)\n\n- [Home](https://justgowiththeflow.com/)\n\n- [Work](https://justgowiththeflow.com/work)\n\n- [Services](https://justgowiththeflow.com/services)\n\n- [About](https://justgowiththeflow.com/about)\n\n- [Contact](https://justgowiththeflow.com/contact)\n\n\n## (Connect)\n\n- [Instagram](https://www.instagram.com/weareflowstudio/)\n\n- [LinkedIn](https://www.linkedin.com/company/justgowiththeflow)\n\n\n## (Visit us)\n\n- Miami, USA\n- Salt Lake, USA\n- São Paulo, Brazil\n\nAll rights reserved©Flow 2025\n\n- [Privacy Policy](https://justgowiththeflow.com/privacy-policy)/\n- [Terms](https://justgowiththeflow.com/terms-conditions)/\n\nBack to top\n\nShift + G",
  "metadata": {
    "twitter:title": "Flow/Work",
    "description": "Creating successful digital campaigs for companies of all sizes. We are Flow, Strategic design partner + Digital \nProduction House.",
    "og:site_name": "Flow",
    "ogDescription": "Creating successful digital campaigs for companies of all sizes. We are Flow, Strategic design partner + Digital \nProduction House.",
    "og:title": "Flow/Work",
    "language": "en",
    "viewport": "width=device-width, initial-scale=1, maximum-scale=1",
    "twitter:description": "Creating successful digital campaigs for companies of all sizes. We are Flow, Strategic design partner + Digital \nProduction House.",
    "ogLocale": "en",
    "ogSiteName": "Flow",
    "og:locale": [
      "en",
      "en"
    ],
    "google": "notranslate",
    "ogImage": "https://justgowiththeflow.com/media/site/0aca1ec865-1715705194/flow-meta-light-860x540-crop-q72.jpg",
    "favicon": "https://justgowiththeflow.com/assets/img/favicon.svg",
    "title": "Flow/Work",
    "twitter:image": "https://justgowiththeflow.com/media/site/0aca1ec865-1715705194/flow-meta-light-860x540-crop-q72.jpg",
    "og:type": "website",
    "og:image": "https://justgowiththeflow.com/media/site/0aca1ec865-1715705194/flow-meta-light-860x540-crop-q72.jpg",
    "ogTitle": "Flow/Work",
    "og:description": "Creating successful digital campaigs for companies of all sizes. We are Flow, Strategic design partner + Digital \nProduction House.",
    "twitter:card": "summary_large_image",
    "scrapeId": "c36ad1f6-be17-4737-8ca8-1e247dccc361",
    "sourceURL": "https://justgowiththeflow.com/work",
    "url": "https://justgowiththeflow.com/work",
    "statusCode": 200,
    "contentType": "text/html; charset=UTF-8",
    "proxyUsed": "basic"
  }
}