{
  "markdown": "Close\n\n#### (Design/Production)\n\n- [Work,](https://justgowiththeflow.com/work)\n- [Services,](https://justgowiththeflow.com/services)\n- [About,](https://justgowiththeflow.com/about)\n\n[Start a project](https://justgowiththeflow.com/contact)\n\nMenu\n\n#### (Navigate)\n\n- [Home](https://justgowiththeflow.com/)\n- [Work](https://justgowiththeflow.com/work)\n- [Services](https://justgowiththeflow.com/services)\n- [About](https://justgowiththeflow.com/about)\n- [Start a project](https://justgowiththeflow.com/contact)\n\nClose\n\n### 3\n\n# CEO.com\n\n### 2023\n\n[All projects](https://justgowiththeflow.com/work)\n\n#### Services\n\n- Digital\n\n#### Intro\n\nThe CEO.com community is dedicated to leaders who are committed to building something greater than themselves—those who embrace risk, extend opportunities, and relentlessly pursue progress.\n\n![CEO.com](https://justgowiththeflow.com/media/pages/work/ceo/c547ca879a-1715705153/ceo_thumb_01-1920x1080-crop-q72.jpg)\n\n#### The System\n\nFlow developed a cutting-edge platform for CEO.com, tailored specifically for C-suite professionals in the tech industry. The platform offers a comprehensive suite of tools and resources, providing exclusive access to a thriving digital community of leaders. Through intuitive design and robust features, CEOs can engage in meaningful discussions, access valuable insights, and forge strategic connections with peers. The platform's shared tools empower executives to collaborate effectively, share best practices, and stay ahead in the rapidly evolving tech landscape, fostering innovation and driving business growth.\n\n(01)\n\n![](https://justgowiththeflow.com/media/pages/work/ceo/4423c9fa9a-1715705148/ceo_ipad_01-1920x-q72.jpg)\n\n![](https://justgowiththeflow.com/media/pages/work/ceo/d05adcd6a4-1715705149/ceo_ipad_02-1920x-q72.jpg)\n\n![](https://justgowiththeflow.com/media/pages/work/ceo/cd8e625c4f-1715705150/ceo_ipad_03-1920x-q72.jpg)\n\n![](https://justgowiththeflow.com/media/pages/work/ceo/b7195d90c3-1715705152/ceo_iphone_01-1920x-q72.jpg)\n\n![](https://justgowiththeflow.com/media/pages/work/ceo/8edf68995a-1715705151/ceo_iphone_02-1920x-q72.jpg)\n\n![](https://justgowiththeflow.com/media/pages/work/ceo/7cf69260a1-1715705151/ceo_iphone_03-1920x-q72.jpg)\n\n![](https://justgowiththeflow.com/media/pages/work/ceo/db682bc74e-1715705151/ceo_iphone_04-1920x-q72.jpg)\n\n![](https://justgowiththeflow.com/media/pages/work/ceo/b5bab9fd51-1715705152/ceo_iphone_05-1920x-q72.jpg)\n\n#### The Flexibility\n\nWe implemented a seamless solution to ensure that CEO.com's robust set of tools is accessible regardless of the device or platform users log in from. Leveraging advanced cross-platform compatibility and cloud-based infrastructure, we engineered the platform to deliver a consistent user experience across desktops, laptops, tablets, and smartphones. This means that whether CEOs access CEO.com from their office computer, tablet during travel, or smartphone on the go, they can seamlessly utilize the full suite of tools at their disposal.\n\nBy prioritizing flexibility and accessibility, we've empowered C-suite professionals to stay connected, informed, and productive across all their devices, enabling them to lead with confidence in today's fast-paced business environment.\n\n(02)\n\n![](https://justgowiththeflow.com/media/pages/work/ceo/ac107810aa-1715705156/ceokit1-1920x-q72.jpg)\n\n![](https://justgowiththeflow.com/media/pages/work/ceo/e3d6f00377-1715705158/fonts-1920x-q72.jpg)\n\n![](https://justgowiththeflow.com/media/pages/work/ceo/96ae0a2058-1715705157/ceokit3-1920x-q72.jpg)\n\n![](https://justgowiththeflow.com/media/pages/work/ceo/ca66581c74-1715705157/ceokit4-1920x-q72.jpg)\n\n#### Design Strategy\n\nFlow recognized the critical importance of a meticulous design system for CEO.com. Every UI element underwent thorough scrutiny to ensure consistency and user-friendliness. From typography to button styles, each detail was carefully crafted to create a seamless and intuitive experience for C-suite professionals. This dedication to detail enhanced user engagement and solidified CEO.com's reputation as a premier digital community for tech executives.\n\n(03)\n\n#### Next case\n\n#### (04)\n\n### 4\n\n# Pass The Baton\n\n### 2021\n\n![](https://justgowiththeflow.com/media/pages/work/pass-the-baton/9a63c902d3-1715825711/ptb_videocover_01-1920x1080-crop-q72.jpg)",
  "metadata": {
    "twitter:card": "summary_large_image",
    "og:type": "website",
    "ogSiteName": "Flow",
    "viewport": "width=device-width, initial-scale=1, maximum-scale=1",
    "google": "notranslate",
    "language": "en",
    "ogTitle": "Flow/CEO.com",
    "article:published_time": "2023-08-07",
    "twitter:title": "Flow/CEO.com",
    "favicon": "https://justgowiththeflow.com/assets/img/favicon.svg",
    "ogDescription": "Creating successful digital campaigs for companies of all sizes. We are Flow, Strategic design partner + Digital \nProduction House.",
    "og:site_name": "Flow",
    "og:description": "Creating successful digital campaigs for companies of all sizes. We are Flow, Strategic design partner + Digital \nProduction House.",
    "article:modified_time": "2023-08-07",
    "og:locale": [
      "en",
      "en"
    ],
    "title": "Flow/CEO.com",
    "modifiedTime": "2023-08-07",
    "twitter:description": "Creating successful digital campaigs for companies of all sizes. We are Flow, Strategic design partner + Digital \nProduction House.",
    "description": "Creating successful digital campaigs for companies of all sizes. We are Flow, Strategic design partner + Digital \nProduction House.",
    "twitter:image": "https://justgowiththeflow.com/media/site/0aca1ec865-1715705194/flow-meta-light-860x540-crop-q72.jpg",
    "publishedTime": "2023-08-07",
    "og:title": "Flow/CEO.com",
    "ogLocale": "en",
    "og:image": "https://justgowiththeflow.com/media/site/0aca1ec865-1715705194/flow-meta-light-860x540-crop-q72.jpg",
    "ogImage": "https://justgowiththeflow.com/media/site/0aca1ec865-1715705194/flow-meta-light-860x540-crop-q72.jpg",
    "scrapeId": "e7cd1b75-7fb1-4edf-bef7-4b14a6066e5e",
    "sourceURL": "https://justgowiththeflow.com/work/ceo",
    "url": "https://justgowiththeflow.com/work/ceo",
    "statusCode": 200,
    "contentType": "text/html; charset=UTF-8",
    "proxyUsed": "basic"
  }
}