{
  "markdown": "Close\n\n#### (Design/Production)\n\n- [Work,](https://justgowiththeflow.com/work)\n- [Services,](https://justgowiththeflow.com/services)\n- [About,](https://justgowiththeflow.com/about)\n\n[Start a project](https://justgowiththeflow.com/contact)\n\nMenu\n\n#### (Navigate)\n\n- [Home](https://justgowiththeflow.com/)\n- [Work](https://justgowiththeflow.com/work)\n- [Services](https://justgowiththeflow.com/services)\n- [About](https://justgowiththeflow.com/about)\n- [Start a project](https://justgowiththeflow.com/contact)\n\nClose\n\n### 1\n\n# Samsung\n\n### 2023\n\n[All projects](https://justgowiththeflow.com/work)\n\n#### Services\n\n- Direction\n\n#### Intro\n\nOur Director Marcus Alqueres, helmed this amazing campaign for Samsung in Dubai, in partnership with Goldmine & Impact BBDO.\n\n![](https://justgowiththeflow.com/media/pages/work/samsung/d5d29cd9fc-1715705137/samsung_screenshot_02-1920x1080-crop-q72.jpg)\n\nSamsung Wave - Global from Flow on Vimeo\n\n![video thumbnail](https://i.vimeocdn.com/video/1607194372-d3140634c12aa16f7073138c21771f33e674fde5740dc29bd8573cb262a31ac0-d?mw=80&q=85)\n\nPlaying in picture-in-picture\n\nPlay\n\n![](https://justgowiththeflow.com/media/pages/work/samsung/e9d30f31a8-1715705138/samsung_thumb_01-1920x1080-crop-q72.jpg)\n\n#### The Concept\n\nThe ad campaign for Samsung during the World Cup seamlessly integrated the full spectrum of Samsung products to create an immersive home experience.\n\nThe concept focused on showcasing how Samsung's diverse range of products, from smart TVs to wearable products, seamlessly communicate with each other, enhancing convenience and efficiency for consumers. By illustrating the interconnectedness of Samsung devices, we highlighted how they work in harmony to elevate everyday living, transforming homes into cohesive and interconnected spaces where entertainment, productivity, and comfort converge effortlessly.\n\n(01)\n\n![](https://justgowiththeflow.com/media/pages/work/samsung/e2d26ab721-1715705135/samsung_product_01-1920x-q72.jpg)\n\n![](https://justgowiththeflow.com/media/pages/work/samsung/d0f9d9013b-1715705136/samsung_screenshot_03-1920x-q72.jpg)\n\n![](https://justgowiththeflow.com/media/pages/work/samsung/d8b3bbc263-1715705138/samsung_screenshot_04-1920x-q72.jpg)\n\n![](https://justgowiththeflow.com/media/pages/work/samsung/b9bd361a63-1715705135/samsung_product_02-1920x-q72.jpg)\n\n![](https://justgowiththeflow.com/media/pages/work/samsung/010f471f1f-1715705137/samsung_product_03-1920x-q72.jpg)\n\n![](https://justgowiththeflow.com/media/pages/work/samsung/4d8685009a-1715705139/samsung_screenshot_05-1920x-q72.jpg)\n\n#### Product Showcase\n\nIn just 30 seconds, our ad campaign for Samsung during the World Cup ingeniously showcased every product in the lineup. Through skillful editing and creative storytelling, we seamlessly integrated each Samsung device into the narrative, ensuring every product had its moment to shine. From the vibrant display of a Samsung smart TV broadcasting the match to the sleek design of a Samsung smartphone controlling the home's smart features, every aspect of the Samsung ecosystem was meticulously highlighted.\n\nWhether it was the intuitive interface of a Samsung washing machine or the crystal-clear sound of a Samsung soundbar, each product was seamlessly woven into the storyline, demonstrating their collective ability to create a unified and immersive home experience.\n\n(02)\n\nsamsung\\_shortballloop from Flow on Vimeo\n\n![video thumbnail](https://i.vimeocdn.com/video/1849558169-a83640f277d3bcda8b096a456802814e30394700f0a54b676c26f1a855876a80-d?mw=80&q=85)\n\nPlaying in picture-in-picture\n\nPause\n\n![](https://justgowiththeflow.com/media/pages/work/samsung/b168e8e974-1715705139/samsung_thumb_02-1920x1080-crop-q72.jpg)\n\n#### The Result\n\nThe local Dubai campaign's remarkable success swiftly propelled it onto the global stage, exceeding the client's expectations. Its innovative portrayal of Samsung's integrated product ecosystem resonated universally, transcending cultural boundaries. Through strategic digital dissemination and partnerships, the campaign garnered widespread international acclaim, affirming Samsung's global leadership in home technology solutions.\n\n(03)\n\n#### Next case\n\n#### (04)\n\n### 2\n\n# World Surf League\n\n### 2021\n\n![](https://justgowiththeflow.com/media/pages/work/world-surf-league/3895631517-1715705149/wsl_website_mockup_01-1920x1080-crop-q72.jpg)",
  "metadata": {
    "ogLocale": "en",
    "ogTitle": "Flow/Samsung",
    "ogDescription": "Creating successful digital campaigs for companies of all sizes. We are Flow, Strategic design partner + Digital \nProduction House.",
    "description": "Creating successful digital campaigs for companies of all sizes. We are Flow, Strategic design partner + Digital \nProduction House.",
    "og:locale": [
      "en",
      "en"
    ],
    "ogImage": "https://justgowiththeflow.com/media/site/0aca1ec865-1715705194/flow-meta-light-860x540-crop-q72.jpg",
    "title": "Flow/Samsung",
    "og:type": "website",
    "twitter:title": "Flow/Samsung",
    "language": "en",
    "favicon": "https://justgowiththeflow.com/assets/img/favicon.svg",
    "og:title": "Flow/Samsung",
    "og:description": "Creating successful digital campaigs for companies of all sizes. We are Flow, Strategic design partner + Digital \nProduction House.",
    "og:image": "https://justgowiththeflow.com/media/site/0aca1ec865-1715705194/flow-meta-light-860x540-crop-q72.jpg",
    "google": "notranslate",
    "twitter:card": "summary_large_image",
    "viewport": [
      "width=device-width, initial-scale=1, maximum-scale=1",
      "width=device-width,initial-scale=1,user-scalable=yes",
      "width=device-width,initial-scale=1,user-scalable=yes"
    ],
    "og:site_name": "Flow",
    "ogSiteName": "Flow",
    "twitter:description": "Creating successful digital campaigs for companies of all sizes. We are Flow, Strategic design partner + Digital \nProduction House.",
    "googlebot": [
      "noindex,indexifembedded",
      "noindex,indexifembedded"
    ],
    "twitter:image": "https://justgowiththeflow.com/media/site/0aca1ec865-1715705194/flow-meta-light-860x540-crop-q72.jpg",
    "scrapeId": "005f6682-d788-4148-a954-2b8194580dcb",
    "sourceURL": "https://justgowiththeflow.com/work/samsung",
    "url": "https://justgowiththeflow.com/work/samsung",
    "statusCode": 200,
    "contentType": "text/html; charset=UTF-8",
    "proxyUsed": "basic"
  }
}