{
  "markdown": "Close\n\n#### (Design/Production)\n\n- [Work,](https://justgowiththeflow.com/work)\n- [Services,](https://justgowiththeflow.com/services)\n- [About,](https://justgowiththeflow.com/about)\n\n[Start a project](https://justgowiththeflow.com/contact)\n\nMenu\n\n#### (Navigate)\n\n- [Home](https://justgowiththeflow.com/)\n- [Work](https://justgowiththeflow.com/work)\n- [Services](https://justgowiththeflow.com/services)\n- [About](https://justgowiththeflow.com/about)\n- [Start a project](https://justgowiththeflow.com/contact)\n\nClose\n\n#### (01)\n\n# Shaping Tomorrow's Creative Landscape with Unmatched Craft and Precision.\n\n#### Strategic   design partner\n\n#### \\+ Digital   Production House\n\n#### Play Reel   (00:33)\n\n#### Little Black Book Mobile App & Branding\n\n![Little Black Book](https://justgowiththeflow.com/media/pages/home/f61571f867-1715705109/feature_lbb_02-540x675-crop-q72.jpg)\n\n[**(View)**](https://justgowiththeflow.com/work/lbb)\n\n## Challenging the status quo with audacious creativity and unwavering dedication. We don't settle for ordinary; instead, we embark on a journey of innovation, meticulously crafting each         project into a masterpiece.\n\n#### Flow is a 360 digital production house\n\nWe're all about taking a 360-degree approach, bringing all our services under the same umbrella to create communication that is really creative and actually gets results.\n\nAt Flow, we're all about giving your brand the attention it deserves. We're not afraid to shake things up and try new things, and we're all about empowering everyone to speak their mind and share their ideas.\n\n[More about our approach](https://justgowiththeflow.com/services)\n\n(02)\n\n#### 1    2\n\n## [Pass](https://justgowiththeflow.com/work/pass-the-baton) [Samsung](https://justgowiththeflow.com/work/samsung)\n\n## [The Baton](https://justgowiththeflow.com/work/pass-the-baton) [Emirates](https://justgowiththeflow.com/work/samsung)\n\n#### Digital Platform    Direction\n\n#### /Rebrand    /Production\n\n![Pass The Baton Thumbnail](https://justgowiththeflow.com/media/pages/home/9fb38bebcb-1731566650/ptb_thumb_01-1440x1800-crop-q72.jpg)\n\n[**Pass The Baton   (View)**](https://justgowiththeflow.com/work/pass-the-baton)\n\n![Samsung Thumbnail](https://justgowiththeflow.com/media/pages/home/bddb745b35-1732035568/samsung_homehero_01-1440x1800-crop-q72.jpg)\n\n[**Samsung   (View)**](https://justgowiththeflow.com/work/samsung)\n\n#### 1\n\n## Pass   The Baton\n\n#### Digital Platform   /Rebrand\n\n![Pass The Baton Thumbnail](https://justgowiththeflow.com/media/pages/home/9fb38bebcb-1731566650/ptb_thumb_01-1440x1800-crop-q72.jpg)\n\n#### 2\n\n## Samsung   Emirates\n\n#### Direction   /Production\n\n![Samsung Thumbnail](https://justgowiththeflow.com/media/pages/home/bddb745b35-1732035568/samsung_homehero_01-1440x1800-crop-q72.jpg)\n\n## Build more trust combining the craft of design and the excellence of production\n\n[More about our services](https://justgowiththeflow.com/services)\n\n![CEO.com](https://justgowiththeflow.com/media/pages/home/0e020136f5-1715705108/feature_ceo_01-810x540-crop-q72.jpg)\n\n[**(View)**](https://justgowiththeflow.com/work/ceo)\n\n#### CEO.com Social Platform Design & Development\n\n## Digital\n\n(A)\n\n## Branding\n\n(B)\n\n## Production\n\n(C)\n\n![Ronaldo & Adam](https://justgowiththeflow.com/media/pages/home/894667836c-1715705115/placeholder-10-540x675-crop-q72.jpg)\n\n[**(About us)**](https://justgowiththeflow.com/about)\n\n#### Ronaldo & Adam @GDC San Francisco 2022\n\n#### (About Us)\n\n## We're a creative production studio fueled by passion and innovation.                Our mission is to revolutionize creative work for companies with style and substance.\n\n[Learn more about us](https://justgowiththeflow.com/about)\n\n## Ready to Rock?\n\n[Get in touch](https://justgowiththeflow.com/contact)\n\n## (Navigate)\n\n- [Home](https://justgowiththeflow.com/)\n\n- [Work](https://justgowiththeflow.com/work)\n\n- [Services](https://justgowiththeflow.com/services)\n\n- [About](https://justgowiththeflow.com/about)\n\n- [Contact](https://justgowiththeflow.com/contact)\n\n\n## (Connect)\n\n- [Instagram](https://www.instagram.com/weareflowstudio/)\n\n- [LinkedIn](https://www.linkedin.com/company/justgowiththeflow)\n\n\n## (Visit us)\n\n- Miami, USA\n- Salt Lake, USA\n- São Paulo, Brazil\n\nAll rights reserved©Flow 2025\n\n- [Privacy Policy](https://justgowiththeflow.com/privacy-policy)/\n- [Terms](https://justgowiththeflow.com/terms-conditions)/\n\nBack to top\n\nShift + G",
  "metadata": {
    "language": "en",
    "ogDescription": "Creating successful digital campaigs for companies of all sizes. We are Flow, Strategic design partner + Digital \nProduction House.",
    "og:site_name": "Flow",
    "twitter:description": "Creating successful digital campaigs for companies of all sizes. We are Flow, Strategic design partner + Digital \nProduction House.",
    "favicon": "https://justgowiththeflow.com/assets/img/favicon.svg",
    "google": "notranslate",
    "viewport": "width=device-width, initial-scale=1, maximum-scale=1",
    "description": "Creating successful digital campaigs for companies of all sizes. We are Flow, Strategic design partner + Digital \nProduction House.",
    "og:image": "https://justgowiththeflow.com/media/site/0aca1ec865-1715705194/flow-meta-light-860x540-crop-q72.jpg",
    "og:type": "website",
    "og:title": "Flow/Digital Production House",
    "twitter:title": "Flow/Digital Production House",
    "ogImage": "https://justgowiththeflow.com/media/site/0aca1ec865-1715705194/flow-meta-light-860x540-crop-q72.jpg",
    "ogLocale": "en",
    "og:locale": [
      "en",
      "en"
    ],
    "twitter:image": "https://justgowiththeflow.com/media/site/0aca1ec865-1715705194/flow-meta-light-860x540-crop-q72.jpg",
    "og:description": "Creating successful digital campaigs for companies of all sizes. We are Flow, Strategic design partner + Digital \nProduction House.",
    "twitter:card": "summary_large_image",
    "title": "Flow/Digital Production House",
    "ogTitle": "Flow/Digital Production House",
    "ogSiteName": "Flow",
    "scrapeId": "4770c1e5-e12d-48bb-b20a-e9686e5fd938",
    "sourceURL": "https://justgowiththeflow.com/",
    "url": "https://justgowiththeflow.com/",
    "statusCode": 200,
    "contentType": "text/html; charset=UTF-8",
    "proxyUsed": "basic"
  }
}